alice@globant.com,Alice,30
bob@globant.com,Bob,34
charlie@globant.com,Charlie,43
giovanny@globant.com,Giovanny,35
josefa@globant.com,Josefa,25
natalie@globant.com,Natalie,33
pablo@globant.com,Pablo,44
macarena@globant.com,Macarena,33
